fieldID,fieldName,fieldType,defaultValue,secondaryValue,fieldDescription,minValue,maxValue,tab
cap_header_hack,骇入阵列设置,Header,骇入阵列设置,,,,,骇入
hackRange,骇入有效范围,Int,2600,,骇入阵列锁定目标的最大距离（单位：游戏内距离单位）。,500,5000,骇入
hackBaseRatePerSec,骇入基础速率（每秒）,Double,0.02,,骇入每秒基础进度（电子战持平时约 50 秒夺取一艘护卫舰）。,0.001,1,骇入
ewMultPerPoint,电子战系数增量,Double,1,,电子战差值每 1.0 点对应的骇入速度系数增量。系数 = 1 + 差值 × 本值。,0.1,5,骇入
ewMultMin,电子战系数下限,Double,0.25,,骇入电子战速度系数的下限。,0.05,1,骇入
ewMultMax,电子战系数上限,Double,5,,骇入电子战速度系数的上限。,1,10,骇入
sizeMultFrigate,护卫舰大小系数,Double,1,,目标为护卫舰时的骇入速度系数（目标越大夺取越慢）。,0.05,5,骇入
sizeMultDestroyer,驱逐舰大小系数,Double,0.6,,目标为驱逐舰时的骇入速度系数。,0.05,5,骇入
sizeMultCruiser,巡洋舰大小系数,Double,0.35,,目标为巡洋舰时的骇入速度系数。,0.05,5,骇入
sizeMultCapital,主力舰大小系数,Double,0.2,,目标为主力舰时的骇入速度系数。,0.05,5,骇入
hackSpreadRange,夺取连锁扩散范围,Int,2000,,成功骇入夺取后，对其他可骇入目标的连锁进度传播范围。,200,5000,骇入
hackSpreadPct,夺取连锁进度比例,Double,0.15,,连锁传播的基础进度比例（最终 = 本值 × 目标大小系数 ÷ 被夺舰大小系数）。,0.01,1,骇入
hackLockTransferPct,目标失效进度转移比例,Double,0.6,,锁定目标被击毁或失效时转移给新目标的进度比例。,0.05,1,骇入
hackCooldownBaseSec,骇入冷却基础时长,Double,5,,成功夺取后的骇入冷却基础时长（秒）：冷却 = 本值 × 目标大小系数 ÷ 锁定该目标的阵列数。,1,60,骇入
arrayOpFrigate,骇入阵列装配点数·护卫舰,Int,8,,骇入阵列船体插件在护卫舰上的装配点数消耗；驱逐/巡洋/主力舰自动按公式派生（×1.9 / ×2.8 / ×3.8），改后重启游戏生效。,0,100,骇入
hackStackPowerBase,骇入合力加速系数,Double,2,,多艘骇入阵列锁定同一目标时的合力加速系数：效果 = 基础 × 系数^(n/(n+1))（n = 锁定该目标的安装舰数）。,1,5,骇入
hackCrThreshold,骇入CR阈值,Double,0.7,,目标战备（CR）高于该值（默认70%%）时骇入进度无增幅；低于后按下方参数线性增幅。,0.1,1,骇入
hackCrChanceBase,骇入CR基础增幅,Double,0.1,,目标CR等于阈值（70%%）时的进度增幅（0.1 = 每次骇入进度增加多10%%）。,0,1,骇入
hackCrMaxCr,骇入CR增幅封顶值,Double,0.3,,目标CR降至该值（默认30%%）及以下时增幅封顶（CR越低增幅越高）。,0.01,0.7,骇入
hackCrMaxChance,骇入CR最高增幅,Double,0.5,,CR封顶时的最高增幅（0.5 = 每次骇入进度增加多50%%）。,0.1,2,骇入
hackOverloadEnabled,骇入过载额外增幅开关,Boolean,true,,目标过载期间是否给予额外进度增幅（默认开）。,,,,骇入
hackOverloadExtra,骇入过载额外增幅,Double,0.2,,目标过载期间的额外进度增幅（累加在CR增幅之上，默认0.2）。,0,1,骇入
cap_header_boarding,跳帮舱设置,Header,跳帮舱设置,,,,,跳帮
boardingRange,跳帮接触判定距离·护卫舰,Int,120,,跳帮战机贴近护卫舰目标到此距离内判定一次成功接触；驱逐/巡洋/主力舰自动派生（×1.25 / ×19/12 / ×2.0，默认下为 150 / 190 / 240）。,20,800,跳帮
boardingEngageRange,跳帮舱最大交战距离,Int,4000,,跳帮舱（含优先锁定玩家 R 键目标）的最大交战距离，超过不生效。,500,10000,跳帮
boardingHitsFrigate,夺取护卫舰所需接触次数,Int,25,,夺取护卫舰所需成功跳帮接触次数；驱逐/巡洋/主力舰自动按公式派生（×1.5 / ×2.5 / ×4.0）。,1,200,跳帮
ghostReturnFrac,击沉返还系数,Double,0.5,,带累计跳帮计数的目标被摧毁时，预期释放战机数 = 计数 x 本系数（向下取整）；生成单位为联队（每联队 3 架，超出预期的当场移除），实际释放架数 >= 预期。,0.05,1,跳帮
boardPhasedAllowed,跳帮舱能否跳帮相位化目标,Boolean,false,,跳帮舱战机对处于相位化（相位隐身）的目标舰船计接触次数；关闭（默认）时相位化目标不可被跳帮。,,,,跳帮
boardOmniShieldAllowed,跳帮舱能否跳帮全盾目标,Boolean,true,,跳帮舱战机对开启全盾（全向护盾展开）的目标舰船计接触次数；开启（默认）时可跳帮。,,,,跳帮
boardCrThreshold,跳帮CR触发阈值,Double,0.7,,目标战备（CR）高于该值（默认70%%）时不触发额外跳帮计数；低于后每3秒按下方参数判定几率。,0.1,1,跳帮
boardCrChanceBase,跳帮CR基础几率,Double,0.1,,目标CR等于阈值（70%%）时每次判定的触发几率（0.1 = 10%%）。,0,1,跳帮
boardCrMaxCr,跳帮CR几率封顶值,Double,0.3,,目标CR降至该值（默认30%%）及以下时触发几率封顶（CR越低几率越高）。,0.01,0.7,跳帮
boardCrMaxChance,跳帮CR最高几率,Double,0.5,,CR封顶时的最高触发几率（0.5 = 50%%）。,0.1,1,跳帮
boardCrIntervalSec,跳帮CR判定间隔,Double,3,,目标CR低于阈值后的额外计数判定间隔（秒）。,0.5,30,跳帮
boardMarinesEnabled,跳帮消耗陆战队,Boolean,true,,跳帮战机成功接触时消耗玩家货舱陆战队（轻型5/中型10/重型20，默认开；模拟战与一次性跳帮战机不消耗）。,,,,跳帮
wingBaseValue,联队市场价值,Int,20000,,轻型跳帮战机联队的市场价值（售价；改后重启游戏生效）。,1000,100000,跳帮
wingOpCost,联队装配点数,Int,15,,母舰装配轻型跳帮战机联队消耗的装配点数（改后重启游戏生效）。,0,100,跳帮
wingFighterCount,联队战机数量,Int,3,,每个轻型跳帮战机联队的战机架数（改后重启游戏生效）。,1,6,跳帮
wingMaxSpeed,战机战斗航速,Int,320,,轻型跳帮战机最高航速（即时生效）。,50,1000,跳帮
wingAcceleration,战机加速度,Int,350,,轻型跳帮战机加速度（即时生效）。,50,2000,跳帮
wingDeceleration,战机减速度,Int,250,,轻型跳帮战机减速度（即时生效）。,50,2000,跳帮
wingMinCrew,战机必要船员,Int,1,,轻型跳帮战机所需最少船员（改后重启游戏生效）。,1,15,跳帮
wingRefitTime,战机更换时间,Int,6,,轻型跳帮战机联队更换（补给）时间（改后重启游戏生效）。,1,60,跳帮
wingHitpoints,战机结构,Int,350,,轻型跳帮战机船体结构值（即时生效）。,50,5000,跳帮
wingArmor,战机装甲,Int,75,,轻型跳帮战机装甲值（即时生效）。,10,2000,跳帮
wingFluxCapacity,战机幅能容量,Int,300,,轻型跳帮战机幅能容量（即时生效）。,50,5000,跳帮
wingFluxDissipation,战机幅能耗散,Int,75,,轻型跳帮战机幅能耗散（即时生效）。,10,1000,跳帮
cap_header_malf,进度故障设置,Header,进度故障设置,,,,,故障系统
malfCheckIntervalSec,骇入故障判定间隔,Double,5,,骇入进度达到阈值后的故障触发判定间隔（秒）。,1,30,故障系统
malfChanceBase40,40%% 进度基础触发几率,Double,0.2,,进度 40%% 时的故障触发几率（骇入与跳帮共用公式起点）。,0.01,1,故障系统
malfChancePerProgressPoint,每百分点几率增量,Double,0.01,,每超过 40%% 一个进度百分点增加的触发几率（跳帮侧固定为 1%%）。,0.001,0.1,故障系统
malfDuration40,骇入故障时长（40%%~70%%）,Double,2.5,,骇入侧 40%% 至 70%% 进度区间触发的引擎/护盾故障持续时间（秒）。,0.5,30,故障系统
malfDuration70,骇入故障时长（70%% 以上）,Double,4,,骇入侧 70%% 以上进度区间触发的引擎/护盾故障持续时间（秒）。,0.5,60,故障系统
malfDuration40Weapon,骇入武器故障时长（40%%~70%%）,Double,8,,骇入侧 40%% 至 70%% 进度区间触发的武器故障持续时间（秒）。,0.5,60,故障系统
malfDuration70Weapon,骇入武器故障时长（70%% 以上）,Double,16,,骇入侧 70%% 以上进度区间触发的武器故障持续时间（秒）。,0.5,120,故障系统
malfBoardingCheckIntervalSec,跳帮故障判定间隔,Double,10,,跳帮驱动核心的故障触发判定间隔（秒）。,1,30,故障系统
malfBoardingThreshold,跳帮故障触发阈值,Double,0.4,,跳帮进度达到该比例后才开始判定故障。,0.05,0.95,故障系统
malfBoardingMajorThreshold,跳帮重大故障阈值,Double,0.7,,跳帮进度达到该比例后触发重大故障（持续翻倍并扣船体结构）。,0.1,1,故障系统
malfBoardingDuration,跳帮引擎/护盾故障时长,Double,5,,跳帮侧引擎熄火或护盾失效故障的持续时间（秒）。,0.5,60,故障系统
malfBoardingDurationShield,跳帮护盾故障持续时间,Double,5,,跳帮护盾故障（无法展开护盾）的持续时间（秒），重大故障 ×2 倍。,0.5,60,故障系统
malfBoardingDurationWeapon,跳帮武器故障时长,Double,12,,跳帮侧武器锁死故障的持续时间（秒）。,0.5,120,故障系统
malfBoardingMajorMult,跳帮重大故障时长倍数,Double,2,,跳帮重大故障的持续时间倍数（普通故障 × 本值）。,1,5,故障系统
malfMajorHullDamageFrac,重大故障船体结构损失,Double,0.05,,重大故障导致的船体结构损失比例（最多不超过 50%%，且不会击毁目标）。,0.01,0.5,故障系统
malfMajorHullDamageMinLevel,重大故障扣血下限,Double,0.15,,目标当前结构占比不高于该值时，重大故障不再减少其船体结构值。,0.01,0.9,故障系统
cap_header_transition,夺取过渡与修复设置,Header,夺取过渡与修复设置,,,,,过渡与修复
captureDelaySec,跳帮夺取过渡时长,Double,10,,跳帮满需求后目标的瘫痪过渡时长（秒），期间不被双方索敌，到时后正式夺取。随战斗倍速同步。,1,60,过渡与修复
captureDelayHackSec,骇入夺取过渡时长,Double,5,,骇入进度满后目标的瘫痪过渡时长（秒），随战斗倍速同步。,1,60,过渡与修复
captureRepairRatePerSec,夺取后修复速率,Double,0.005,,正式夺取后每秒修复的比例（占目标最大结构值）。,0.001,0.1,过渡与修复
captureRepairCount,夺取后修复次数,Int,40,,夺取后缓慢修复的累计次数（每秒 +1，达到后停止，共修复 0.5%% × 次数）。,1,200,过渡与修复
enemyCanUse,敌方舰船可否安装并使用本模组插件,Boolean,true,,开启（默认）时敌方舰船也可安装并使用本模组的船体插件与战机联队（骇入阵列/跳帮舱/跳帮驱动核心），敌方视角正常工作：骇入我方无人舰、跳帮我方有人舰、夺取后归敌方阵营；关闭时仅玩家方舰船生效。,,,,预设存档
presetSaveEnabled,保存预设开关,Boolean,false,,开启后下一次点击 Save All 会把当前本模组的全部设置保存到所选存档槽（保存后请关闭本开关，需要再次保存时再开启）。,,,,预设存档
presetLoadEnabled,读取预设开关,Boolean,false,,开启后下一次点击 Save All 会用所选存档槽内的数据覆盖当前本模组的全部设置（静态数据项如装配点/市场价值需重启游戏完全生效；读取后请关闭本开关）。,,,,预设存档
presetSlot1,存档槽位1选取,Boolean,false,,开启以选择存档槽 1（多个槽同时开启时取编号最小者）。,,,,预设存档
presetSlot2,存档槽位2选取,Boolean,false,,开启以选择存档槽 2（多个槽同时开启时取编号最小者）。,,,,预设存档
presetSlot3,存档槽位3选取,Boolean,false,,开启以选择存档槽 3（多个槽同时开启时取编号最小者）。,,,,预设存档
presetSlot4,存档槽位4选取,Boolean,false,,开启以选择存档槽 4（多个槽同时开启时取编号最小者）。,,,,预设存档
presetSlot5,存档槽位5选取,Boolean,false,,开启以选择存档槽 5（多个槽同时开启时取编号最小者）。,,,,预设存档
useCustomFighterSprite,贴图替换,Boolean,true,,开启（默认）时跳帮舱战机使用模组专属像素贴图；关闭时使用原版战机贴图（小黄蜂）。,,,,跳帮
arcRenderEnabled,进度弧渲染,Boolean,False,,跳帮/骇入进度用目标船周圈进度弧显示（关，默认）；关闭时恢复进度浮字显示。,,,,通用
arcAlpha,弧透明度,Int,0,,进度弧透明度：0 = 不透明，255 = 全透明（同时作用于灰底圈与彩色进度弧）。,0,255,通用
wingMBaseValue,中型跳帮战机市场价值,Int,43000,,中型跳帮战机联队的市场价值（改后重启游戏生效）。,1000,300000,跳帮
wingMOpCost,中型跳帮战机装配点数,Int,18,,母舰装配中型跳帮战机联队消耗的装配点数（改后重启游戏生效）。,0,100,跳帮
wingMNum,中型跳帮战机联队数量,Int,3,,每个中型跳帮战机联队的战机架数（改后重启游戏生效）。,1,6,跳帮
wingMMaxSpeed,中型跳帮战机战斗航速,Int,250,,中型跳帮战机最高航速（即时生效）。,50,1000,跳帮
wingMAcceleration,中型跳帮战机加速度,Int,200,,中型跳帮战机加速度（即时生效）。,50,2000,跳帮
wingMDeceleration,中型跳帮战机减速度,Int,160,,中型跳帮战机减速度（即时生效）。,50,2000,跳帮
wingMMinCrew,中型跳帮战机必要载员,Int,3,,中型跳帮战机所需最少载员（改后重启游戏生效）。,1,50,跳帮
wingMRefit,中型跳帮战机更换时间,Int,10,,中型跳帮战机联队更换（补给）时间（改后重启游戏生效）。,1,60,跳帮
wingMHitpoints,中型跳帮战机结构,Int,500,,中型跳帮战机船体结构值（即时生效）。,50,8000,跳帮
wingMArmor,中型跳帮战机装甲,Int,115,,中型跳帮战机装甲值（即时生效）。,10,3000,跳帮
wingMFluxCap,中型跳帮战机幅能容量,Int,600,,中型跳帮战机幅能容量（即时生效）。,50,8000,跳帮
wingMFluxDiss,中型跳帮战机幅能耗散,Int,50,,中型跳帮战机幅能耗散（即时生效）。,10,1000,跳帮
wingHBaseValue,重型跳帮战机市场价值,Int,80000,,重型跳帮战机联队的市场价值（改后重启游戏生效）。,1000,500000,跳帮
wingHOpCost,重型跳帮战机装配点数,Int,25,,母舰装配重型跳帮战机联队消耗的装配点数（改后重启游戏生效）。,0,100,跳帮
wingHNum,重型跳帮战机联队数量,Int,2,,每个重型跳帮战机联队的战机架数（改后重启游戏生效）。,1,6,跳帮
wingHMaxSpeed,重型跳帮战机战斗航速,Int,200,,重型跳帮战机最高航速（即时生效）。,50,1000,跳帮
wingHAcceleration,重型跳帮战机加速度,Int,110,,重型跳帮战机加速度（即时生效）。,50,2000,跳帮
wingHDeceleration,重型跳帮战机减速度,Int,100,,重型跳帮战机减速度（即时生效）。,50,2000,跳帮
wingHMinCrew,重型跳帮战机必要载员,Int,6,,重型跳帮战机所需最少载员（改后重启游戏生效）。,1,60,跳帮
wingHRefit,重型跳帮战机更换时间,Int,15,,重型跳帮战机联队更换（补给）时间（改后重启游戏生效）。,1,60,跳帮
wingHHitpoints,重型跳帮战机结构,Int,2000,,重型跳帮战机船体结构值（即时生效）。,50,15000,跳帮
wingHArmor,重型跳帮战机装甲,Int,400,,重型跳帮战机装甲值（即时生效）。,10,5000,跳帮
wingHFluxCap,重型跳帮战机幅能容量,Int,1000,,重型跳帮战机幅能容量（即时生效）。,50,10000,跳帮
wingHFluxDiss,重型跳帮战机幅能耗散,Int,50,,重型跳帮战机幅能耗散（即时生效）。,10,1000,跳帮